Category,Resume
Information-Technology,Python developer with 3 years experience in web development using Django Flask and REST APIs. Skills include JavaScript HTML CSS MySQL and MongoDB. Strong problem-solving abilities and team collaboration.
Information-Technology,Java Developer with 5 years experience in enterprise applications. Skills include Spring Boot Hibernate Microservices AWS and Docker. Team leadership experience and agile methodology.
Information-Technology,Full Stack Developer with 4 years experience in JavaScript React Node.js and Python. Expertise in web development database management and cloud platforms. Strong in algorithms and data structures.
Data-Science,Data Scientist with 4 years experience in machine learning and statistical analysis. Proficient in Python R TensorFlow and pandas. Experience with data visualization using Tableau and Power BI.
Data-Science,Machine Learning Engineer with 3 years experience in deep learning and neural networks. Proficient in PyTorch Keras and computer vision. Masters in AI and data processing.
Data-Science,Data Analyst with 2 years experience in data processing and visualization. Skills include SQL Excel Python and statistical analysis. Strong analytical and communication skills.
Business-Development,Business Analyst with 5 years experience in market research and strategy development. Skilled in Excel SQL and data analysis. Strong communication and presentation skills.
Business-Development,Project Manager with 7 years experience in IT projects. Skilled in Agile Scrum JIRA and team management. PMP certified with strong leadership skills.
Healthcare,Healthcare Analyst with 6 years experience in healthcare data analysis and patient care systems. Knowledge of medical databases and healthcare regulations.
Healthcare,Medical Researcher with 4 years experience in clinical trials and data analysis. Proficient in statistical analysis and research methodology.
Finance,Financial Analyst with 3 years experience in financial modeling and risk assessment. Proficient in Excel VBA and financial software.
Finance,Investment Banker with 5 years experience in financial markets and portfolio management. Strong analytical skills and market knowledge.
Engineering,Software Engineer with 4 years experience in full-stack development. Expertise in Java Python JavaScript React and Node.js.
Engineering,DevOps Engineer with 3 years experience in cloud infrastructure and CI/CD pipelines. Skills include AWS Docker Kubernetes and Jenkins.
